"PickupNode","DropoffNode","TimeLimit","ReleaseTime","Name"
"(4, 0)","(0, 1)",0,0,0
"(5, 2)","(0, 1)",0,0,1
"(5, 0)","(0, 1)",0,0,2
"(5, 2)","(0, 1)",0,5,3
"(2, 2)","(0, 1)",0,5,4
"(2, 2)","(0, 1)",0,5,5
"(2, 0)","(0, 1)",0,10,6
"(1, 0)","(0, 1)",0,10,7
"(1, 0)","(0, 1)",0,10,8
"(4, 2)","(0, 1)",0,15,9
"(4, 0)","(0, 1)",0,15,10
"(4, 0)","(0, 1)",0,15,11
"(2, 2)","(0, 1)",0,20,12
"(1, 0)","(0, 1)",0,20,13
"(4, 0)","(0, 1)",0,20,14
"(1, 0)","(0, 1)",0,25,15
"(3, 0)","(0, 1)",0,25,16
"(4, 2)","(0, 1)",0,25,17
"(2, 0)","(0, 1)",0,30,18
"(4, 2)","(0, 1)",0,30,19
"(2, 0)","(0, 1)",0,30,20
"(2, 2)","(0, 1)",0,35,21
"(4, 2)","(0, 1)",0,35,22
"(3, 2)","(0, 1)",0,35,23
"(4, 2)","(0, 1)",0,40,24
"(3, 2)","(0, 1)",0,40,25
"(3, 0)","(0, 1)",0,40,26
"(2, 0)","(0, 1)",0,45,27
"(1, 2)","(0, 1)",0,45,28
"(5, 2)","(0, 1)",0,45,29
"(2, 2)","(0, 1)",0,50,30
"(5, 0)","(0, 1)",0,50,31
"(3, 0)","(0, 1)",0,50,32
"(3, 2)","(0, 1)",0,55,33
"(2, 2)","(0, 1)",0,55,34
"(4, 2)","(0, 1)",0,55,35
"(4, 2)","(0, 1)",0,60,36
"(3, 0)","(0, 1)",0,60,37
"(4, 0)","(0, 1)",0,60,38
"(5, 0)","(0, 1)",0,65,39
"(1, 2)","(0, 1)",0,65,40
"(1, 2)","(0, 1)",0,65,41
"(2, 2)","(0, 1)",0,70,42
"(2, 0)","(0, 1)",0,70,43
"(1, 2)","(0, 1)",0,70,44
"(4, 0)","(0, 1)",0,75,45
"(3, 0)","(0, 1)",0,75,46
"(5, 0)","(0, 1)",0,75,47
"(2, 2)","(0, 1)",0,80,48
"(4, 0)","(0, 1)",0,80,49
"(3, 2)","(0, 1)",0,80,50
"(4, 2)","(0, 1)",0,85,51
"(4, 2)","(0, 1)",0,85,52
"(2, 2)","(0, 1)",0,85,53
"(4, 2)","(0, 1)",0,90,54
"(3, 2)","(0, 1)",0,90,55
"(5, 0)","(0, 1)",0,90,56
"(1, 2)","(0, 1)",0,95,57
"(2, 0)","(0, 1)",0,95,58
"(3, 0)","(0, 1)",0,95,59
"(2, 0)","(0, 1)",0,100,60
"(3, 0)","(0, 1)",0,100,61
"(4, 0)","(0, 1)",0,100,62
"(5, 0)","(0, 1)",0,105,63
"(5, 2)","(0, 1)",0,105,64
"(5, 0)","(0, 1)",0,105,65
"(2, 0)","(0, 1)",0,110,66
"(1, 0)","(0, 1)",0,110,67
"(2, 2)","(0, 1)",0,110,68
"(1, 0)","(0, 1)",0,115,69
"(2, 0)","(0, 1)",0,115,70
"(3, 0)","(0, 1)",0,115,71
"(4, 0)","(0, 1)",0,120,72
"(3, 0)","(0, 1)",0,120,73
"(4, 2)","(0, 1)",0,120,74
"(2, 2)","(0, 1)",0,125,75
"(2, 0)","(0, 1)",0,125,76
"(5, 0)","(0, 1)",0,125,77
"(2, 2)","(0, 1)",0,130,78
"(1, 2)","(0, 1)",0,130,79
"(5, 2)","(0, 1)",0,130,80
"(4, 2)","(0, 1)",0,135,81
"(5, 2)","(0, 1)",0,135,82
"(2, 0)","(0, 1)",0,135,83
"(5, 2)","(0, 1)",0,140,84
"(1, 0)","(0, 1)",0,140,85
"(4, 2)","(0, 1)",0,140,86
"(5, 2)","(0, 1)",0,145,87
"(5, 2)","(0, 1)",0,145,88
"(5, 0)","(0, 1)",0,145,89
